Strain,fghA,pntAB,gshA,GB,mptG,Fitness
1,2,0,0,0,1,2.37949
2,2,1,1,1,1,2.43595
3,2,0,1,1,1,2.42188
4,2,1,0,0,1,2.22714
5,2,1,0,1,1,2.37628
6,2,0,1,0,1,2.33418
7,2,1,1,0,1,2.28316
8,2,0,0,1,1,2.31643
9,0,0,0,0,2,1.21663
10,0,1,1,1,2,2.13806
11,0,0,1,1,2,1.7181
12,0,1,0,0,2,1.08402
13,0,1,0,1,2,1.53359
14,0,0,1,0,2,1.62561
15,0,1,1,0,2,1.65268
16,0,0,0,1,2,1.32775
17,0,1,1,1,1,2.45708
18,0,0,1,1,1,2.64008
19,0,1,0,0,1,1.94563
20,0,1,0,1,1,2.67168
21,0,0,1,0,1,2.37505
22,0,1,1,0,1,2.35631
23,0,0,0,1,1,2.18701
24,0,0,0,0,1,2.15828
25,1,0,0,0,2,1.23869
26,1,1,1,1,2,2.47281
27,1,0,1,1,2,2.00354
28,1,1,0,0,2,1.2752
29,1,1,0,1,2,1.77648
30,1,0,1,0,2,1.82744
31,1,1,1,0,2,2.003
32,1,0,0,1,2,1.57692
33,1,1,1,1,1,2.94487
34,1,0,1,1,1,3.15059
35,1,1,0,0,1,2.49584
36,1,1,0,1,1,2.99842
37,1,0,1,0,1,2.78732
38,1,1,1,0,1,2.51726
39,1,0,0,1,1,2.6522
40,1,0,0,0,1,2.60391
